{
  "model": "SiameseGRU",
  "embedding_dim": 2560,
  "chunk_size": 256,
  "hidden_size": 128,
  "num_layers": 2,
  "dropout": 0.3,
  "epochs": 10,
  "batch_size": 512,
  "lr": 0.001,
  "threshold": 0.5,
  "test_size": 0.2,
  "seed": 42,
  "max_rows": null,
  "total_params": 871809,
  "best_epoch": 10,
  "best_f1": 0.8461586275484834,
  "accuracy": 0.8775631353731232,
  "f1": 0.8461586275484834,
  "precision": 0.7891822951389895,
  "recall": 0.9120021438381403,
  "training_time_s": 36.85639452934265,
  "device": "cuda"
}